Time (s),Heat Release Rate (kW),Burner HRR (kW),Exhaust Mass Flow Rate (kg/s),Oxygen (Vol Fr),CO2 (Vol Fr),CO (Vol Fr),Radiant Heat Flux (kW/m^2),Ksmoke (1/m)
-226,-0.2,0,16.817,0.20948,0.0004484,1.2e-06,0.019983,0.003
-225,-0.2,0,16.817,0.20948,0.0004484,1.2e-06,0.019983,0.003
-224,-0.21,0,16.817,0.20948,0.0004485,1.2e-06,0.019641,-0
-223,-0.19,0,16.817,0.20947,0.0004482,1.1e-06,0.01856,-0
-222,-0.15,0,16.817,0.20947,0.0004475,1.2e-06,0.020286,-0.001
-221,-0.14,0,16.818,0.20948,0.0004476,1e-06,0.022474,-0.001
-220,-0.12,0,16.817,0.20948,0.0004474,9e-07,0.021268,-0.004
-219,-0.12,0,16.817,0.20948,0.0004474,1e-06,0.02151,0.001
-218,-0.12,0,16.818,0.20948,0.0004473,1e-06,0.019874,-0.001
-217,-0.12,0,16.818,0.20948,0.0004475,9e-07,0.022033,-0.002
-216,-0.15,0,16.818,0.20948,0.000448,9e-07,0.021645,-0.004
-215,-0.12,0,16.755,0.20948,0.0004474,1e-06,0.018024,-0.004
-214,-0.13,0,16.732,0.20949,0.0004476,1e-06,0.015435,-0.005
-213,-0.12,0,16.716,0.20948,0.0004475,1e-06,0.018644,-0.006
-212,-0.13,0,16.814,0.20949,0.0004476,9e-07,0.019794,-0.002
-211,-0.14,0,16.77,0.20948,0.000448,9e-07,0.017322,0
-210,-0.19,0,16.763,0.20949,0.0004488,8e-07,0.016169,-0.004
-209,-0.19,0,16.785,0.20948,0.0004488,9e-07,0.016563,-0.002
-208,-0.17,0,16.787,0.20949,0.0004483,9e-07,0.018675,-0.003
-207,-0.16,0,16.743,0.20948,0.0004483,9e-07,0.0203,-0.002
-206,-0.17,0,16.588,0.20948,0.0004485,8e-07,0.022528,-0.004
-205,-0.17,0,16.504,0.20948,0.0004485,8e-07,0.019571,0
-204,-0.18,0,16.609,0.20947,0.0004484,1e-06,0.016375,-0.001
-203,-0.19,0,16.618,0.20948,0.0004482,1.1e-06,0.013013,-0.001
-202,-0.15,0,16.585,0.20948,0.0004478,1.1e-06,0.016692,0.002
-201,-0.15,0,16.57,0.20948,0.0004477,1.1e-06,0.019254,0.001
-200,-0.15,0,16.552,0.20948,0.0004478,1.1e-06,0.02133,0.003
-199,-0.15,0,16.46,0.20948,0.0004479,1e-06,0.022733,0.001
-198,-0.12,0,16.455,0.20947,0.0004474,1e-06,0.023899,-0.001
-197,-0.13,0,16.438,0.20947,0.0004475,1.1e-06,0.024474,-0.001
-196,-0.13,0,16.487,0.20948,0.0004474,1.2e-06,0.02158,-0
-195,-0.09,0,16.553,0.20947,0.0004467,1.2e-06,0.022713,-0.002
-194,-0.08,0,16.374,0.20948,0.0004466,1.1e-06,0.023716,0.001
-193,-0.13,0,16.436,0.20948,0.0004475,1.1e-06,0.024227,0.001
-192,-0.13,0,16.477,0.20948,0.0004476,1.1e-06,0.024017,-0
-191,-0.07,0,16.493,0.20948,0.0004467,9e-07,0.021486,-0.003
-190,0.1,0,16.52,0.20948,0.0004466,9e-07,0.020735,-0.002
-189,-1.1,0,16.585,0.20948,0.0004466,9e-07,0.022218,-0.003
-188,-0.78,0,16.516,0.20948,0.0004467,9e-07,0.022715,-0.003
-187,-0.04,0,16.487,0.20948,0.0004469,9e-07,0.023271,-0.003
-186,2.49,0,16.531,0.20947,0.0004477,9e-07,0.022288,0.001
-185,1.97,0,16.617,0.20947,0.0004474,9e-07,0.01474,-0
-184,-4.1,0,16.617,0.20949,0.0004465,9e-07,0.01927,-0.001
-183,-1.21,0,16.584,0.20948,0.0004465,7e-07,0.020214,-0.003
-182,1.05,0,16.602,0.20948,0.0004476,8e-07,0.012139,-0.002
-181,0.56,0,16.644,0.20948,0.0004478,9e-07,0.009155,0
-180,-1.12,0,16.571,0.20948,0.0004478,1e-06,0.010366,0.001
-179,0.9,0,16.542,0.20948,0.0004478,9e-07,0.012446,0
-178,-2.21,0,16.589,0.20949,0.0004477,8e-07,0.015363,0.002
-177,-1.31,0,16.736,0.20948,0.0004476,9e-07,0.015382,-0
-176,3.45,0,16.681,0.20947,0.0004476,1e-06,0.013345,-0.002
-175,1.37,0,16.613,0.20947,0.0004477,1.1e-06,0.014449,0.001
-174,0.3,0,16.639,0.20948,0.0004476,1.1e-06,0.014397,-0.001
-173,2.69,0,16.602,0.20947,0.0004477,9e-07,0.014066,-0
-172,-1.17,0,16.689,0.20948,0.0004479,8e-07,0.015349,0.001
-171,3.45,0,16.692,0.20947,0.0004477,9e-07,0.017286,-0
-170,0.4,0,16.71,0.20948,0.0004478,9e-07,0.019256,0
-169,2,0,16.702,0.20947,0.0004479,1e-06,0.01715,0
-168,-1.04,0,16.84,0.20948,0.0004477,1e-06,0.017957,0
-167,-0.89,0,16.771,0.20948,0.0004467,9e-07,0.017971,-0.001
-166,-0.61,0,16.861,0.20948,0.0004468,1.1e-06,0.016839,-0
-165,2.03,0,16.876,0.20947,0.0004471,1.2e-06,0.017544,0.001
-164,-0.6,0,16.927,0.20948,0.0004467,1.2e-06,0.011339,-0
-163,1.49,0,16.992,0.20947,0.0004464,1.3e-06,0.012962,-0
-162,0.35,0,16.935,0.20948,0.0004459,1.3e-06,0.010883,0
-161,0.37,0,16.886,0.20948,0.0004465,1.2e-06,0.014866,0.001
-160,-1.58,0,16.89,0.20948,0.0004465,1.3e-06,0.018249,-0
-159,-1.82,0,16.848,0.20948,0.0004466,1.2e-06,0.01655,-0
-158,-1.31,0,16.667,0.20948,0.0004465,1.1e-06,0.018507,-0
-157,-0.44,0,16.571,0.20948,0.0004473,1.1e-06,0.020212,0
-156,1.71,0,16.585,0.20947,0.0004477,1.2e-06,0.021651,-0
-155,-1.38,0,16.561,0.20948,0.0004475,1.2e-06,0.019986,-0
-154,0.22,0,16.543,0.20948,0.0004475,1e-06,0.014653,0
-153,-0.08,0,16.52,0.20948,0.0004476,1e-06,0.013619,0
-152,-1.07,0,16.5,0.20948,0.0004477,9e-07,0.017337,0.003
-151,0.38,0,16.462,0.20948,0.0004478,1e-06,0.017956,0.001
-150,0.09,0,16.526,0.20948,0.0004479,1.1e-06,0.018876,0.001
-149,-1.27,0,16.59,0.20948,0.0004478,1.1e-06,0.019807,0.001
-148,0.79,0,16.619,0.20948,0.0004469,9e-07,0.015132,0.001
-147,-0.29,0,16.679,0.20948,0.0004468,8e-07,0.01855,0.002
-146,3.24,0,16.558,0.20947,0.0004468,7e-07,0.017377,0.002
-145,-0.31,0,16.504,0.20948,0.0004466,7e-07,0.018746,-0.001
-144,3.56,0,16.515,0.20947,0.0004464,9e-07,0.017239,0.004
-143,-0.73,0,16.501,0.20948,0.0004466,9e-07,0.016788,0
-142,-1.13,0,16.508,0.20948,0.0004467,1.1e-06,0.016713,0.002
-141,1.66,0,16.566,0.20947,0.0004468,1.2e-06,0.021061,0.002
-140,2.71,0,16.559,0.20947,0.0004467,1.1e-06,0.022753,-0
-139,-0.99,0,16.467,0.20948,0.0004467,1e-06,0.022922,0
-138,-2.34,0,16.398,0.20949,0.0004465,9e-07,0.02326,0.001
-137,-1.17,0,16.335,0.20948,0.0004465,8e-07,0.02383,0.002
-136,-0.67,0,16.302,0.20948,0.0004464,8e-07,0.024158,0.001
-135,1.93,0,16.296,0.20947,0.0004464,9e-07,0.022308,-0.001
-134,1.34,0,16.304,0.20947,0.0004466,1e-06,0.017187,0.002
-133,1.02,0,16.365,0.20948,0.0004467,1.1e-06,0.016772,0.001
-132,2.43,0,16.305,0.20947,0.0004468,1.1e-06,0.018919,0
-131,2.1,0,16.164,0.20947,0.0004467,1.2e-06,0.022134,0.001
-130,1.22,0,16.183,0.20947,0.0004466,1.1e-06,0.019826,0.002
-129,1.03,0,16.326,0.20947,0.000447,1.2e-06,0.017862,0.001
-128,4.09,0,16.55,0.20946,0.0004478,1.1e-06,0.019011,0
-127,0.96,0,16.586,0.20948,0.0004479,1.2e-06,0.018043,0.001
-126,0.5,0,16.581,0.20948,0.0004476,1.1e-06,0.017756,0.001
-125,-0.21,0,16.625,0.20948,0.0004478,8e-07,0.018501,-0.001
-124,2.91,0,16.541,0.20947,0.0004487,7e-07,0.019109,0.001
-123,4.42,0,16.535,0.20946,0.0004485,8e-07,0.016912,0.001
-122,-1.59,0,16.609,0.20948,0.0004486,7e-07,0.012971,0
-121,1.57,0,16.731,0.20947,0.0004474,8e-07,0.012984,0
-120,-0.48,0,16.751,0.20948,0.0004477,8e-07,0.016521,0
-119,2.75,0,16.728,0.20947,0.0004477,8e-07,0.014529,0
-118,-1.54,0,16.795,0.20948,0.0004477,9e-07,0.017576,0
-117,1.01,0,16.892,0.20948,0.0004476,8e-07,0.021377,0.001
-116,0.48,0,16.994,0.20948,0.0004477,8e-07,0.02127,0.002
-115,1.48,0,16.996,0.20947,0.0004475,8e-07,0.023025,0.004
-114,0.97,0,17.028,0.20948,0.0004475,8e-07,0.022811,0.001
-113,-1.25,0,16.957,0.20948,0.0004478,8e-07,0.022732,0.001
-112,-0.01,0,16.876,0.20948,0.0004473,8e-07,0.022965,0.001
-111,-0.22,0,16.78,0.20948,0.0004477,9e-07,0.023052,0.003
-110,1.05,0,16.71,0.20947,0.0004477,9e-07,0.020076,0.003
-109,-0.3,0,16.605,0.20948,0.0004478,9e-07,0.019524,0.001
-108,-1.02,0,16.408,0.20948,0.0004476,9e-07,0.020312,0.003
-107,0.72,0,16.285,0.20948,0.0004477,1e-06,0.019291,0.002
-106,-0.82,0,16.175,0.20948,0.0004478,1.1e-06,0.019757,-0
-105,1,0,16.123,0.20947,0.0004477,1.1e-06,0.019456,0.002
-104,-0.69,0,16.186,0.20948,0.0004474,1e-06,0.01821,0.001
-103,1.36,0,16.198,0.20947,0.0004473,9e-07,0.017946,-0.003
-102,-0.47,0,16.266,0.20948,0.0004466,9e-07,0.019183,0
-101,-0.6,0,16.338,0.20948,0.0004468,9e-07,0.017364,0.001
-100,-1.39,0,16.298,0.20948,0.0004466,9e-07,0.016774,0
-99,3.59,0,16.383,0.20947,0.0004468,8e-07,0.013921,0.002
-98,1.46,0,16.317,0.20947,0.0004465,9e-07,0.011858,0
-97,0.77,0,16.228,0.20948,0.0004467,9e-07,0.013838,0
-96,-2.03,0,16.457,0.20949,0.0004471,9e-07,0.014816,-0
-95,-0.6,0,16.509,0.20948,0.0004477,1e-06,0.014643,-0
-94,-1.22,0,16.556,0.20948,0.0004476,1e-06,0.015042,0.002
-93,-1.72,0,16.59,0.20948,0.0004478,1.1e-06,0.016604,0
-92,-2.38,0,16.646,0.20949,0.0004476,1.1e-06,0.017723,-0.001
-91,1.83,0,16.598,0.20947,0.0004476,1.2e-06,0.020338,-0
-90,3.84,0,16.604,0.20947,0.0004475,1.1e-06,0.021107,0.002
-89,1.13,0,16.619,0.20947,0.0004477,1e-06,0.022616,0
-88,-1.74,0,16.667,0.20948,0.0004476,9e-07,0.019974,-0.002
-87,-0.41,0,16.876,0.20948,0.0004472,9e-07,0.018928,0.002
-86,0.95,0,16.863,0.20948,0.0004467,1e-06,0.015256,0.002
-85,1.4,0,16.909,0.20947,0.0004466,1e-06,0.012696,0.001
-84,-2.36,0,16.778,0.20949,0.0004465,9e-07,0.006529,0.001
-83,0.51,0,16.686,0.20948,0.000447,1e-06,0.0116,0.001
-82,1.71,0,16.601,0.20947,0.0004474,1e-06,0.010283,0.002
-81,0.68,0,16.656,0.20948,0.0004476,1.1e-06,0.015636,0.001
-80,-0.28,0,16.7,0.20948,0.0004478,1.1e-06,0.012495,0.001
-79,0.55,0,16.687,0.20948,0.0004476,1.1e-06,0.011069,-0.001
-78,0.05,0,16.716,0.20948,0.0004478,1e-06,0.013152,-0
-77,2.33,0,16.638,0.20947,0.0004477,9e-07,0.010547,0.001
-76,-2.76,0,16.463,0.20949,0.0004475,9e-07,0.009367,0.002
-75,-0.13,0,16.444,0.20948,0.0004475,1e-06,0.011511,0.001
-74,2.17,0,16.438,0.20947,0.0004483,9e-07,0.012792,0.001
-73,1.83,0,16.559,0.20947,0.0004487,1e-06,0.012355,0.003
-72,0.77,0,16.575,0.20948,0.0004485,1e-06,0.015721,0.001
-71,0.3,0,16.697,0.20948,0.0004486,9e-07,0.016604,0.002
-70,1.34,0,16.786,0.20947,0.0004489,9e-07,0.017143,0.001
-69,-0.27,0,16.802,0.20948,0.0004485,9e-07,0.018434,0.001
-68,1.16,0,16.835,0.20947,0.0004487,9e-07,0.019853,0.001
-67,-0.36,0,16.886,0.20948,0.0004496,9e-07,0.017211,0.001
-66,-2.28,0,16.993,0.20949,0.000449,9e-07,0.017123,0.002
-65,3.07,0,17.08,0.20947,0.0004496,7e-07,0.016546,0.002
-64,-0.85,0,17.164,0.20948,0.0004497,8e-07,0.019925,-0.001
-63,-1.7,0,17.146,0.20948,0.0004495,9e-07,0.021983,0.002
-62,0.01,0,17.212,0.20948,0.0004499,1e-06,0.023122,-0.001
-61,0.14,0,17.032,0.20948,0.0004506,1e-06,0.023065,0.001
-60,1.82,0,16.957,0.20947,0.0004508,1.1e-06,0.022749,0.001
-59,2.95,0,16.974,0.20947,0.0004507,1.2e-06,0.023417,0.001
-58,1.88,0,16.873,0.20947,0.0004506,1.3e-06,0.023314,0
-57,0.35,0,16.777,0.20948,0.0004508,1.2e-06,0.023114,-0.001
-56,0.73,0,16.688,0.20948,0.0004506,1.3e-06,0.02216,0
-55,3.49,0,16.611,0.20947,0.0004508,1.3e-06,0.020998,0.002
-54,1.58,0,16.629,0.20947,0.0004512,1.3e-06,0.020704,0.001
-53,2.7,0,16.629,0.20947,0.0004505,1.3e-06,0.021996,0
-52,1.58,0,16.519,0.20947,0.0004507,1.3e-06,0.023042,0.002
-51,0.72,0,16.517,0.20948,0.0004509,1.3e-06,0.023333,0.001
-50,3.07,0,16.589,0.20947,0.0004507,1.3e-06,0.022546,0.002
-49,-0.33,0,16.511,0.20948,0.0004506,1.4e-06,0.022026,0.001
-48,2.22,0,16.419,0.20947,0.0004506,1.2e-06,0.021527,0.002
-47,1.43,0,16.409,0.20947,0.0004496,1.1e-06,0.021163,0.002
-46,1.48,0,16.385,0.20947,0.0004502,1.2e-06,0.017848,0
-45,1.44,0,16.288,0.20947,0.0004495,1.3e-06,0.019327,0.002
-44,1.85,0,16.337,0.20947,0.0004501,1.2e-06,0.01966,0.002
-43,0.56,0,16.249,0.20948,0.0004503,1.2e-06,0.017064,0.003
-42,0.51,0,16.254,0.20948,0.0004496,1.2e-06,0.015944,-0.001
-41,5.32,0,16.383,0.20946,0.0004497,1.3e-06,0.014211,0.001
-40,2.66,0,16.351,0.20947,0.0004493,1.4e-06,0.014082,0.002
-39,-0.91,0,16.334,0.20948,0.0004489,1.5e-06,0.015048,0.003
-38,0.48,0,16.447,0.20948,0.0004484,1.5e-06,0.01488,0.003
-37,1.96,0,16.495,0.20947,0.0004487,1.6e-06,0.019644,0.003
-36,1.78,0,16.556,0.20947,0.0004496,1.7e-06,0.019566,0.002
-35,1.72,0,16.545,0.20947,0.0004495,1.5e-06,0.018136,0
-34,3.65,0,16.471,0.20947,0.0004491,1.5e-06,0.019472,0.002
-33,-0.66,0,16.59,0.20948,0.0004496,1.5e-06,0.019732,-0
-32,1.85,0,16.572,0.20947,0.0004495,1.5e-06,0.021668,0.001
-31,1.39,0,16.5,0.20947,0.0004496,1.3e-06,0.022131,0.001
-30,-1.41,0,16.452,0.20948,0.000449,1.4e-06,0.019292,-0
-29,0.16,0,16.469,0.20948,0.0004497,1.4e-06,0.018731,-0
-28,3.28,0,16.439,0.20947,0.0004495,1.3e-06,0.020472,0.002
-27,-2.41,0,16.431,0.20949,0.0004497,1.3e-06,0.020279,0.001
-26,-1.33,0,16.421,0.20948,0.0004494,1.3e-06,0.019336,-0
-25,2.63,0,16.398,0.20947,0.0004496,1.3e-06,0.022169,0
-24,0.04,0,16.383,0.20948,0.0004497,1.4e-06,0.021966,0.001
-23,-0.58,0,16.376,0.20948,0.0004494,1.4e-06,0.017128,0.001
-22,-0.05,0,16.501,0.20948,0.0004484,1.4e-06,0.018362,0.001
-21,1.82,0,16.541,0.20947,0.0004493,1.3e-06,0.015957,0
-20,2.41,0,16.598,0.20947,0.0004493,1.2e-06,0.015149,-0
-19,0.32,0,16.612,0.20948,0.0004494,1.2e-06,0.014111,0.002
-18,1.18,0,16.652,0.20947,0.0004496,1e-06,0.015069,0.001
-17,2.2,0,16.654,0.20947,0.0004495,1e-06,0.012395,0.001
-16,4.14,0,16.582,0.20946,0.0004494,1e-06,0.013365,0
-15,2.85,0,16.671,0.20947,0.0004495,1e-06,0.009116,0.001
-14,4.63,0,16.663,0.20946,0.0004492,1.1e-06,0.0139,0.002
-13,-0.92,0,16.609,0.20948,0.0004485,1e-06,0.012466,0.002
-12,0.65,0,16.561,0.20948,0.0004484,1e-06,0.008981,0.003
-11,0.99,0,16.654,0.20947,0.0004494,1e-06,0.010788,0.005
-10,0.01,0,16.532,0.20948,0.0004495,1e-06,0.016427,0.002
-9,2.26,0,16.451,0.20947,0.0004498,1e-06,0.01367,0.003
-8,1.68,0,16.502,0.20947,0.0004495,1e-06,0.010755,0.001
-7,2.61,0,16.551,0.20947,0.0004503,1e-06,0.01315,0.003
-6,1.84,0,16.609,0.20947,0.0004509,1e-06,0.018516,0.003
-5,1.8,0,16.6,0.20947,0.0004506,1e-06,0.019988,0.003
-4,0.19,0,16.63,0.20948,0.0004508,9e-07,0.018066,0.003
-3,0.92,0,16.656,0.20947,0.00045,8e-07,0.012055,0.002
-2,3.16,0,16.605,0.20947,0.0004495,8e-07,0.011111,0.001
-1,1.22,0,16.385,0.20947,0.0004497,8e-07,0.015265,0.002
0,2.32,60,16.418,0.20947,0.0004505,8e-07,0.020663,0.002
1,1.5,60,16.44,0.20947,0.0004507,9e-07,0.024753,0.003
2,1.87,60,16.475,0.20947,0.0004507,9e-07,0.028134,0.002
3,-1.07,60,16.503,0.20948,0.0004505,1e-06,0.031743,0.002
4,4.41,60,16.629,0.20946,0.0004498,1e-06,0.037222,0.002
5,5.04,60,16.81,0.20946,0.0004503,9e-07,0.043492,0.005
6,3.06,60,16.816,0.20947,0.0004515,1e-06,0.052743,0.012
7,2.88,60,16.85,0.20947,0.0004551,1.1e-06,0.068579,0.034
8,6.46,60,16.764,0.20945,0.0004608,1.4e-06,0.09853,0.066
9,14.09,60,16.812,0.20943,0.00047,1.7e-06,0.13805,0.159
10,21.14,60,16.779,0.2094,0.000487,2.2e-06,0.20132,0.336
11,38.52,60,16.781,0.20934,0.0005152,3.1e-06,0.2923,0.606
12,62.18,60,16.636,0.20925,0.0005583,7.9e-06,0.48543,0.897
13,107.93,60,16.558,0.20908,0.0006395,1.66e-05,0.92465,1.428
14,169.97,60,16.294,0.20878,0.0009834,2.97e-05,1.4105,1.888
15,259.63,60,16.151,0.20835,0.0015452,4.79e-05,1.7592,2.241
16,390.85,60,16.002,0.20777,0.0020762,6.94e-05,2.1154,2.537
17,537.54,60,15.887,0.20714,0.0025814,9.27e-05,2.3803,2.494
18,693.88,60,15.989,0.20656,0.0028215,0.0001135,2.3292,2.177
19,827.84,60,16.029,0.20607,0.002966,0.0001305,2.1247,1.754
20,916.92,60,16.084,0.20574,0.0030884,0.0001407,1.7737,1.243
21,948.53,60,16.123,0.20562,0.0031673,0.0001434,1.5025,0.941
22,921.51,60,16.098,0.20571,0.0031784,0.0001406,1.336,0.804
23,845.83,60,16.002,0.20596,0.0031372,0.0001316,1.253,0.707
24,766.31,60,16.028,0.20626,0.0030518,0.0001189,1.2042,0.638
25,676.05,60,15.891,0.20658,0.0029387,0.0001055,1.1527,0.541
26,610.9,60,16.059,0.20686,0.0028131,9.27e-05,1.0968,0.468
27,557.39,60,16.097,0.20708,0.0026924,8.15e-05,1.0417,0.427
28,511.82,60,16.13,0.20727,0.0025713,7.19e-05,1.0135,0.384
29,478.74,60,16.162,0.20741,0.0024558,6.34e-05,0.99026,0.379
30,451.63,60,16.177,0.20753,0.0023474,5.61e-05,0.96715,0.349
31,430.15,60,16.265,0.20763,0.0022543,5.14e-05,0.94422,0.312
32,415.99,60,16.36,0.20771,0.002165,4.93e-05,0.93293,0.284
33,403.89,60,16.464,0.20777,0.0020873,4.79e-05,0.91982,0.258
34,390.79,60,16.488,0.20783,0.0020125,4.56e-05,0.91058,0.242
35,380.16,60,16.607,0.20789,0.0019403,4.22e-05,0.90075,0.214
36,360.98,60,16.432,0.20796,0.0018749,3.99e-05,0.88683,0.202
37,344.89,60,16.404,0.20803,0.0018127,3.85e-05,0.87792,0.202
38,332.47,60,16.281,0.20807,0.0017549,3.72e-05,0.85869,0.182
39,320.68,60,16.266,0.20812,0.001705,3.59e-05,0.83935,0.184
40,315.38,60,16.358,0.20816,0.0016556,3.48e-05,0.82543,0.197
41,303.61,60,16.304,0.2082,0.0016117,3.36e-05,0.81053,0.186
42,300.11,60,16.268,0.20822,0.001571,3.26e-05,0.80717,0.172
43,292.5,60,16.323,0.20826,0.0015344,3.17e-05,0.78851,0.183
44,284.73,60,16.377,0.20829,0.0014987,3.09e-05,0.76842,0.195
45,276.29,60,16.363,0.20833,0.0014642,3.01e-05,0.74499,0.202
46,266.15,60,16.321,0.20837,0.0014303,2.94e-05,0.73098,0.207
47,259.96,60,16.323,0.2084,0.0014002,2.9e-05,0.71932,0.202
48,252.91,60,16.375,0.20843,0.001371,2.85e-05,0.71636,0.21
49,247.06,60,16.383,0.20845,0.0013439,2.79e-05,0.70491,0.209
50,237.63,60,16.272,0.20849,0.0013177,2.75e-05,0.68509,0.221
51,232.96,60,16.273,0.20851,0.0012934,2.72e-05,0.67726,0.228
52,230.76,60,16.326,0.20852,0.0012715,2.7e-05,0.65657,0.236
53,227.98,60,16.346,0.20854,0.0012538,2.67e-05,0.65124,0.248
54,221.37,60,16.423,0.20856,0.0012383,2.65e-05,0.65444,0.252
55,222.17,60,16.369,0.20856,0.0012262,2.63e-05,0.64706,0.244
56,224.21,60,16.554,0.20857,0.0012156,2.63e-05,0.63771,0.243
57,221.3,60,16.621,0.20858,0.0012066,2.64e-05,0.62992,0.268
58,220.78,60,16.579,0.20858,0.0011981,2.66e-05,0.62266,0.308
59,220.01,60,16.648,0.20859,0.0011917,2.7e-05,0.6256,0.329
60,222.35,60,16.685,0.20858,0.0011894,2.73e-05,0.62013,0.343
61,225.73,60,16.695,0.20857,0.0011903,2.77e-05,0.61386,0.368
62,230.08,60,16.734,0.20856,0.0011934,2.81e-05,0.6181,0.382
63,236,60,16.706,0.20854,0.0011971,2.86e-05,0.62268,0.411
64,236.42,60,16.713,0.20853,0.0012024,2.93e-05,0.62847,0.437
65,239.64,60,16.633,0.20852,0.0012078,3e-05,0.64621,0.481
66,241.44,60,16.579,0.20851,0.0012158,3.08e-05,0.64716,0.485
67,244.89,60,16.528,0.20849,0.0012251,3.15e-05,0.67477,0.484
68,250.89,60,16.638,0.20847,0.0012357,3.25e-05,0.68572,0.505
69,253.2,60,16.575,0.20846,0.0012448,3.37e-05,0.69392,0.506
70,256.94,60,16.579,0.20845,0.0012537,3.49e-05,0.69671,0.524
71,258.93,60,16.614,0.20844,0.0012623,3.59e-05,0.69389,0.506
72,257.73,60,16.559,0.20844,0.0012693,3.7e-05,0.69231,0.535
73,261.19,60,16.547,0.20843,0.0012756,3.8e-05,0.69606,0.562
74,258.97,60,16.386,0.20842,0.0012828,3.9e-05,0.69664,0.584
75,264.72,60,16.512,0.20841,0.0012923,3.99e-05,0.6831,0.522
76,267.57,60,16.496,0.2084,0.0013024,4.08e-05,0.69325,0.483
77,271.29,60,16.506,0.20838,0.0013123,4.17e-05,0.679,0.494
78,275.59,60,16.464,0.20836,0.0013205,4.25e-05,0.65405,0.495
79,275.18,60,16.512,0.20836,0.0013266,4.31e-05,0.64496,0.487
80,282.9,60,16.627,0.20834,0.0013312,4.35e-05,0.64008,0.502
81,277.31,60,16.571,0.20836,0.0013339,4.39e-05,0.6155,0.508
82,274.28,60,16.624,0.20837,0.0013344,4.41e-05,0.60609,0.499
83,275.73,60,16.687,0.20837,0.0013317,4.41e-05,0.59738,0.499
84,271.27,60,16.807,0.20839,0.0013266,4.39e-05,0.58301,0.488
85,264.36,60,16.712,0.20841,0.0013204,4.39e-05,0.57517,0.447
86,261.35,60,16.688,0.20842,0.0013133,4.4e-05,0.56153,0.405
87,260.49,60,16.817,0.20843,0.0013055,4.39e-05,0.55289,0.385
88,260.26,60,16.928,0.20844,0.0012967,4.37e-05,0.54075,0.348
89,254.89,60,16.913,0.20846,0.0012858,4.33e-05,0.52438,0.312
90,246.21,60,16.811,0.20849,0.0012729,4.27e-05,0.50383,0.294
91,240.2,60,16.798,0.20851,0.001256,4.22e-05,0.47626,0.271
92,227.92,60,16.747,0.20855,0.0012362,4.14e-05,0.45653,0.255
93,221.33,60,16.751,0.20858,0.0012142,4.06e-05,0.44082,0.236
94,209.72,60,16.705,0.20862,0.0011915,3.96e-05,0.42778,0.239
95,202.97,60,16.778,0.20865,0.0011695,3.87e-05,0.42879,0.218
96,195.39,60,16.803,0.20868,0.0011472,3.78e-05,0.4147,0.194
97,188.52,60,16.626,0.2087,0.0011258,3.71e-05,0.40091,0.205
98,178.54,60,16.381,0.20873,0.0011028,3.63e-05,0.39346,0.204
99,173.95,60,16.359,0.20875,0.0010806,3.53e-05,0.38272,0.195
100,165.58,60,16.33,0.20878,0.0010581,3.43e-05,0.36719,0.189
101,159.11,60,16.332,0.20881,0.001036,3.35e-05,0.34722,0.174
102,154.18,60,16.356,0.20883,0.0010133,3.24e-05,0.33612,0.159
103,146.13,60,16.362,0.20886,0.0009909,3.15e-05,0.3268,0.149
104,138.86,60,16.327,0.20889,0.0009682,3.05e-05,0.31536,0.137
105,134.29,60,16.312,0.20891,0.0009472,2.94e-05,0.3073,0.127
106,128.74,60,16.361,0.20894,0.0009272,2.85e-05,0.30169,0.11
107,124.49,60,16.434,0.20896,0.0009078,2.75e-05,0.2855,0.095
108,121.57,60,16.564,0.20897,0.00089,2.66e-05,0.2758,0.086
109,118.41,60,16.602,0.20899,0.0008727,2.58e-05,0.26903,0.078
110,114.1,60,16.6,0.20901,0.0008552,2.5e-05,0.26329,0.074
111,114.13,60,16.573,0.20901,0.000839,2.41e-05,0.25285,0.064
112,107.09,60,16.492,0.20904,0.0008221,2.33e-05,0.24826,0.056
113,101.81,60,16.39,0.20905,0.0008074,2.26e-05,0.23335,0.053
114,97.32,60,16.445,0.20907,0.0007928,2.19e-05,0.21369,0.049
115,92.69,60,16.424,0.20909,0.0007796,2.12e-05,0.19766,0.048
116,92.21,60,16.377,0.2091,0.0007677,2.04e-05,0.18603,0.046
117,92.41,60,16.386,0.2091,0.000757,1.98e-05,0.18647,0.043
118,87.91,60,16.493,0.20912,0.000748,1.91e-05,0.17587,0.038
119,90.27,60,16.465,0.20911,0.00074,1.87e-05,0.16947,0.039
120,87.31,60,16.554,0.20912,0.000732,1.82e-05,0.17058,0.04
121,90.54,60,16.604,0.20912,0.0007245,1.76e-05,0.17552,0.044
122,86.84,60,16.756,0.20913,0.000718,1.7e-05,0.1791,0.043
123,84.74,60,16.938,0.20914,0.0007123,1.65e-05,0.18382,0.046
124,85.27,60,16.889,0.20914,0.0007072,1.59e-05,0.18331,0.04
125,85.58,60,16.924,0.20914,0.0007029,1.53e-05,0.18071,0.04
126,84.79,60,17.056,0.20915,0.0006988,1.49e-05,0.17604,0.036
127,86.01,60,17.177,0.20915,0.0006946,1.47e-05,0.1768,0.04
128,84.77,60,17.097,0.20915,0.0006911,1.44e-05,0.17545,0.035
129,80.94,60,17.231,0.20917,0.0006872,1.4e-05,0.17432,0.03
130,83.6,60,17.169,0.20916,0.0006839,1.36e-05,0.16758,0.027
131,79.29,60,17.239,0.20917,0.00068,1.32e-05,0.16318,0.024
132,82.67,60,17.18,0.20916,0.0006758,1.29e-05,0.1544,0.025
133,78.64,60,17.032,0.20917,0.0006732,1.24e-05,0.15142,0.022
134,80.46,60,17.09,0.20917,0.000671,1.21e-05,0.15032,0.023
135,81.21,60,17.069,0.20917,0.0006692,1.18e-05,0.14711,0.024
136,78.78,60,16.974,0.20917,0.000668,1.15e-05,0.14606,0.023
137,78.45,60,16.806,0.20917,0.0006672,1.13e-05,0.15114,0.024
138,79.44,60,16.787,0.20917,0.0006663,1.11e-05,0.15756,0.024
139,79.08,60,16.621,0.20917,0.0006663,1.09e-05,0.16239,0.023
140,78.25,60,16.727,0.20917,0.0006653,1.07e-05,0.17205,0.025
141,81.26,60,16.608,0.20916,0.0006658,1.04e-05,0.17526,0.023
142,82.12,60,16.563,0.20916,0.0006662,1.03e-05,0.16539,0.027
143,83.46,60,16.623,0.20915,0.0006648,1.01e-05,0.16651,0.026
144,79,60,16.717,0.20917,0.0006651,1.01e-05,0.16623,0.025
145,79.31,60,16.796,0.20917,0.0006639,9.9e-06,0.1598,0.027
146,79.25,60,16.851,0.20917,0.0006625,1e-05,0.16458,0.02
147,80.18,60,16.951,0.20917,0.0006616,1e-05,0.1612,0.022
148,79.4,60,17.044,0.20917,0.0006607,9.9e-06,0.15528,0.022
149,77.79,60,16.952,0.20918,0.0006601,9.9e-06,0.15723,0.02
150,78.81,60,16.846,0.20917,0.0006595,9.8e-06,0.15365,0.02
151,78.26,60,17.027,0.20918,0.0006593,9.7e-06,0.15414,0.017
152,78.86,60,17.059,0.20918,0.0006593,9.6e-06,0.14357,0.015
153,81.13,60,17.01,0.20917,0.0006602,9.6e-06,0.14079,0.013
154,78.91,60,16.94,0.20917,0.0006607,9.7e-06,0.14363,0.016
155,81.08,60,16.819,0.20917,0.0006612,9.7e-06,0.13722,0.016
156,80.62,60,16.755,0.20917,0.0006613,9.7e-06,0.13881,0.017
157,81.86,60,16.816,0.20916,0.0006622,9.7e-06,0.13197,0.016
158,79.27,60,16.677,0.20917,0.0006625,9.7e-06,0.13604,0.019
159,78.93,60,16.73,0.20917,0.0006624,9.6e-06,0.1342,0.02
160,77.46,60,16.761,0.20918,0.0006624,9.5e-06,0.1265,0.022
161,78.3,60,16.592,0.20917,0.0006623,9.4e-06,0.13867,0.022
162,75.92,60,16.553,0.20918,0.0006623,9.5e-06,0.14926,0.021
163,76.3,60,16.454,0.20918,0.0006632,9.4e-06,0.14094,0.019
164,79.85,60,16.422,0.20916,0.0006645,9.4e-06,0.14797,0.016
165,81.27,60,16.372,0.20916,0.0006657,9.4e-06,0.14303,0.02
166,80.52,60,16.419,0.20916,0.0006663,9.5e-06,0.14962,0.018
167,80.03,60,16.256,0.20916,0.0006654,9.4e-06,0.16426,0.024
168,78.66,60,16.361,0.20917,0.000665,9.4e-06,0.17523,0.021
169,78.75,60,16.316,0.20916,0.0006661,9.3e-06,0.17439,0.021
170,78.08,60,16.262,0.20917,0.0006667,9.4e-06,0.17071,0.022
171,78.64,60,16.325,0.20916,0.0006672,9.2e-06,0.17002,0.018
172,78.12,60,16.269,0.20917,0.0006681,9.2e-06,0.17162,0.02
173,76.91,60,16.241,0.20917,0.000669,9.2e-06,0.16587,0.017
174,79.09,60,16.318,0.20916,0.000669,9.1e-06,0.17295,0.017
175,79.46,60,16.441,0.20916,0.000669,9.1e-06,0.177,0.017
176,77.95,60,16.441,0.20917,0.0006685,9e-06,0.18604,0.014
177,80.88,60,16.479,0.20916,0.0006678,8.8e-06,0.1931,0.013
178,80.57,60,16.486,0.20916,0.0006664,8.7e-06,0.18706,0.013
179,80.12,60,16.641,0.20917,0.0006646,8.7e-06,0.18339,0.014
180,78.07,60,16.621,0.20917,0.0006619,8.6e-06,0.17563,0.014
181,76.58,60,16.613,0.20918,0.00066,8.5e-06,0.17123,0.012
182,78.97,60,16.735,0.20917,0.0006593,8.4e-06,0.16693,0.016
183,76.07,60,16.844,0.20918,0.0006594,8.3e-06,0.16503,0.016
184,78.49,60,16.757,0.20917,0.0006588,8.3e-06,0.16756,0.012
185,77.93,60,16.745,0.20918,0.0006585,8.3e-06,0.16858,0.012
186,75.38,60,16.634,0.20918,0.0006574,8.2e-06,0.16993,0.015
187,76.62,60,16.526,0.20918,0.0006561,8.2e-06,0.16531,0.01
188,76.11,60,16.319,0.20918,0.0006548,8.2e-06,0.15794,0.014
189,71.82,60,16.229,0.20919,0.0006536,8.1e-06,0.15898,0.013
190,73.58,60,16.295,0.20918,0.0006523,8.1e-06,0.1567,0.012
191,70.73,60,16.358,0.2092,0.0006507,8.2e-06,0.1551,0.015
192,73.68,60,16.388,0.20919,0.0006494,8e-06,0.15836,0.011
193,74.32,60,16.46,0.20919,0.0006484,8e-06,0.1587,0.012
194,74.44,60,16.384,0.20918,0.0006483,8e-06,0.16985,0.008
195,75.58,60,16.413,0.20918,0.0006483,7.9e-06,0.17158,0.008
196,75.08,60,16.369,0.20918,0.0006483,7.8e-06,0.17515,0.011
197,74.41,60,16.501,0.20919,0.0006484,7.7e-06,0.17498,0.015
198,75.88,60,16.601,0.20918,0.000649,7.5e-06,0.17111,0.011
199,77.72,60,16.634,0.20918,0.0006492,7.4e-06,0.17107,0.01
200,74.55,60,16.689,0.20919,0.0006494,7.4e-06,0.17119,0.012
201,76.51,60,16.67,0.20918,0.000649,7.3e-06,0.17133,0.011
202,74.22,60,16.595,0.20919,0.0006482,7.3e-06,0.16799,0.013
203,75.07,60,16.537,0.20918,0.0006489,7.4e-06,0.16915,0.009
204,75.74,60,16.616,0.20918,0.0006498,7.3e-06,0.16118,0.013
205,74.55,60,16.551,0.20919,0.0006508,7.3e-06,0.16443,0.014
206,78.24,60,16.677,0.20918,0.0006517,7.3e-06,0.1687,0.014
207,77.46,60,16.752,0.20918,0.0006523,7.3e-06,0.16757,0.01
208,80.99,60,16.734,0.20917,0.0006528,7.2e-06,0.16745,0.011
209,81.89,60,16.644,0.20916,0.000653,7.1e-06,0.15821,0.011
210,79.64,60,16.506,0.20917,0.0006532,7.2e-06,0.15524,0.011
211,76.63,60,16.536,0.20918,0.0006519,7.2e-06,0.15681,0.011
212,74.41,60,16.543,0.20919,0.0006508,7.3e-06,0.16083,0.01
213,72.58,60,16.609,0.20919,0.0006494,7.3e-06,0.16125,0.011
214,73.65,60,16.708,0.20919,0.0006492,7.3e-06,0.15809,0.007
215,75.78,60,16.818,0.20919,0.000649,7.3e-06,0.15809,0.008
216,76.82,60,16.794,0.20918,0.0006485,7.4e-06,0.15277,0.011
217,78.8,60,16.645,0.20917,0.0006484,7.4e-06,0.15858,0.009
218,74.81,60,16.723,0.20919,0.0006473,7.3e-06,0.16507,0.007
219,74.9,60,16.834,0.20919,0.0006472,7.2e-06,0.17386,0.009
220,76.95,60,16.993,0.20919,0.0006472,7.2e-06,0.17473,0.008
221,74.79,60,16.877,0.20919,0.0006483,7.2e-06,0.17408,0.006
222,76.99,60,16.847,0.20918,0.0006482,7.3e-06,0.1698,0.006
223,77.97,60,16.723,0.20918,0.0006485,7.3e-06,0.16608,0.008
224,73.32,60,16.645,0.20919,0.0006492,7.3e-06,0.16842,0.01
225,74.2,60,16.627,0.20919,0.0006488,7.4e-06,0.17019,0.011
226,77.13,60,16.567,0.20918,0.0006473,7.3e-06,0.16352,0.011
227,74.07,60,16.596,0.20919,0.0006464,7.3e-06,0.15431,0.011
228,72.31,60,16.531,0.20919,0.0006458,7.3e-06,0.1434,0.012
229,72.42,60,16.428,0.20919,0.0006442,7.4e-06,0.13946,0.01
230,73.09,60,16.331,0.20919,0.0006434,7.3e-06,0.14358,0.008
231,71.26,60,16.331,0.2092,0.0006435,7.3e-06,0.14102,0.01
232,71.27,60,16.302,0.20919,0.0006436,7.3e-06,0.1361,0.011
233,75.51,60,16.388,0.20918,0.0006446,7.3e-06,0.13512,0.013
234,77,60,16.416,0.20918,0.0006447,7.3e-06,0.13536,0.013
235,73.39,60,16.371,0.20919,0.0006454,7.3e-06,0.14242,0.01
236,75.48,60,16.525,0.20918,0.0006459,7.3e-06,0.13957,0.008
237,76.52,60,16.493,0.20918,0.000646,7.2e-06,0.13564,0.006
238,75.45,60,16.498,0.20918,0.0006452,7.1e-06,0.14613,0.008
239,71.92,60,16.568,0.2092,0.0006446,6.9e-06,0.14578,0.01
240,73.87,60,16.498,0.20919,0.0006446,6.7e-06,0.1451,0.01
241,74.71,60,16.598,0.20919,0.0006439,6.7e-06,0.15051,0.01
242,73.37,60,16.677,0.20919,0.0006434,6.5e-06,0.15283,0.014
243,75.17,60,16.599,0.20919,0.0006422,6.4e-06,0.16106,0.013
244,74.8,60,16.549,0.20919,0.0006417,6.3e-06,0.16432,0.01
245,73.18,60,16.566,0.20919,0.0006406,6.1e-06,0.16318,0.009
246,72.84,60,16.434,0.20919,0.0006399,6.1e-06,0.16333,0.012
247,75.07,60,16.522,0.20919,0.0006403,6.2e-06,0.15972,0.007
248,73.15,60,16.582,0.20919,0.000641,6.3e-06,0.16168,0.01
249,72.81,60,16.644,0.2092,0.0006427,6.4e-06,0.1637,0.008
250,77.78,60,16.637,0.20918,0.0006437,6.4e-06,0.15894,0.007
251,74.99,60,16.595,0.20919,0.0006435,6.4e-06,0.15816,0.007
252,74.39,60,16.571,0.20919,0.0006435,6.4e-06,0.15454,0.009
253,73.14,60,16.604,0.20919,0.0006436,6.5e-06,0.15278,0.008
254,73.83,60,16.651,0.20919,0.0006433,6.5e-06,0.15206,0.009
255,74.39,60,16.609,0.20919,0.0006435,6.6e-06,0.15279,0.01
256,76.96,60,16.694,0.20918,0.0006433,6.5e-06,0.1542,0.008
257,72.77,60,16.726,0.2092,0.0006435,6.3e-06,0.1556,0.007
258,75.8,60,16.681,0.20919,0.0006442,6.3e-06,0.15826,0.007
259,74.3,60,16.474,0.20919,0.0006451,6.2e-06,0.16081,0.011
260,74.28,60,16.546,0.20919,0.0006452,6e-06,0.15697,0.013
261,75.94,60,16.593,0.20918,0.0006446,5.8e-06,0.15824,0.014
262,75.63,60,16.709,0.20919,0.0006435,5.7e-06,0.16381,0.013
263,72.84,60,16.723,0.2092,0.000643,5.6e-06,0.15842,0.013
264,72.64,60,16.702,0.2092,0.000642,5.5e-06,0.15138,0.009
265,72.15,60,16.709,0.2092,0.0006415,5.4e-06,0.14639,0.008
266,75.99,60,16.64,0.20919,0.0006413,5.2e-06,0.1503,0.01
267,71,60,16.565,0.2092,0.0006415,5.2e-06,0.15098,0.006
268,74.01,60,16.619,0.20919,0.0006405,5.2e-06,0.15484,0.006
269,73.85,60,16.757,0.20919,0.0006405,5.1e-06,0.15873,0.012
270,76.14,60,16.765,0.20919,0.0006401,5.1e-06,0.16094,0.012
271,74.15,60,16.756,0.20919,0.0006396,4.8e-06,0.16427,0.006
272,75.91,60,16.652,0.20919,0.0006396,4.8e-06,0.16659,0.008
273,70.51,60,16.642,0.2092,0.0006402,4.8e-06,0.16872,0.009
274,73.01,60,16.628,0.2092,0.0006396,4.9e-06,0.16254,0.007
275,72.27,60,16.624,0.2092,0.0006394,4.8e-06,0.15802,0.015
276,71.49,60,16.607,0.2092,0.0006393,4.7e-06,0.15304,0.01
277,72.03,60,16.694,0.2092,0.0006392,4.7e-06,0.14807,0.007
278,73.01,60,16.608,0.2092,0.0006396,4.5e-06,0.15031,0.009
279,72.3,60,16.649,0.2092,0.0006388,4.5e-06,0.1576,0.008
280,73.91,60,16.605,0.20919,0.0006384,4.6e-06,0.16059,0.009
281,74.18,60,16.615,0.20919,0.0006385,4.5e-06,0.16184,0.009
282,73.37,60,16.61,0.20919,0.0006381,4.5e-06,0.15508,0.01
283,75.78,60,16.71,0.20919,0.0006384,4.3e-06,0.15063,0.005
284,72.82,60,16.659,0.2092,0.0006372,4.2e-06,0.1486,0.005
285,72.89,60,16.656,0.2092,0.0006362,4.3e-06,0.13994,0.011
286,69.2,60,16.646,0.20921,0.0006357,4.2e-06,0.13997,0.01
287,69.58,60,16.581,0.20921,0.0006354,4.2e-06,0.15151,0.008
288,69.82,60,16.644,0.20921,0.0006357,4e-06,0.15703,0.011
289,71.48,60,16.64,0.2092,0.0006366,4e-06,0.14599,0.012
290,73.15,60,16.665,0.2092,0.0006365,4.1e-06,0.14161,0.013
291,73.66,60,16.635,0.20919,0.0006369,4.2e-06,0.1469,0.008
292,72.96,60,16.637,0.2092,0.0006357,4.3e-06,0.13732,0.009
293,70.31,60,16.551,0.2092,0.0006347,4.2e-06,0.1339,0.01
294,71.72,60,16.625,0.2092,0.0006337,4e-06,0.13724,0.01
295,70.99,60,16.615,0.2092,0.0006326,4e-06,0.13509,0.007
296,68.92,60,16.621,0.20921,0.0006327,3.9e-06,0.1362,0.01
297,71.73,60,16.602,0.2092,0.0006326,3.9e-06,0.13517,0.007
298,72.47,60,16.575,0.2092,0.0006319,3.9e-06,0.13812,0.01
299,70.86,60,16.608,0.2092,0.0006316,3.8e-06,0.13531,0.009
300,74,60,16.653,0.20919,0.0006316,3.7e-06,0.13286,0.011
301,70.42,60,16.644,0.20921,0.0006315,3.8e-06,0.13131,0.009
302,72.55,60,16.707,0.2092,0.0006309,4e-06,0.13202,0.009
303,70.96,60,16.746,0.20921,0.0006307,4e-06,0.1334,0.01
304,69.92,60,16.708,0.20921,0.0006317,4.1e-06,0.12931,0.011
305,71.83,60,16.647,0.2092,0.0006323,4.2e-06,0.12609,0.008
306,74.82,60,16.728,0.20919,0.0006327,4e-06,0.13005,0.01
307,72.34,60,16.694,0.2092,0.0006326,3.8e-06,0.13115,0.01
308,73.55,60,16.731,0.2092,0.000632,3.8e-06,0.13008,0.012
309,69.11,60,16.709,0.20921,0.0006313,3.7e-06,0.12937,0.01
310,71.71,60,16.71,0.2092,0.0006307,3.7e-06,0.13549,0.006
311,70.51,60,16.707,0.20921,0.0006299,3.6e-06,0.13132,0.008
312,70.21,60,16.618,0.20921,0.00063,3.5e-06,0.12562,0.004
313,70.37,60,16.584,0.20921,0.0006296,3.5e-06,0.11808,0.009
314,68.38,60,16.542,0.20921,0.0006285,3.4e-06,0.11632,0.007
315,66.79,60,16.616,0.20922,0.0006279,3.4e-06,0.11532,0.009
316,68.61,60,16.457,0.20921,0.0006269,3.3e-06,0.11312,0.009
317,66.26,60,16.497,0.20922,0.0006258,3.3e-06,0.11831,0.009
318,67.28,60,16.427,0.20922,0.0006247,3.3e-06,0.12467,0.006
319,66.66,60,16.409,0.20922,0.0006251,3.3e-06,0.12597,0.009
320,67.97,60,16.325,0.20921,0.0006264,3.2e-06,0.12148,0.012
321,70.19,60,16.27,0.2092,0.0006275,3.2e-06,0.11876,0.008
322,68.64,60,16.219,0.20921,0.0006285,3.2e-06,0.12369,0.004
323,71.74,60,16.225,0.2092,0.0006301,3.2e-06,0.11998,0.006
324,70.08,60,16.378,0.2092,0.0006307,3.3e-06,0.11665,0.007
325,71.59,60,16.429,0.2092,0.0006316,3.2e-06,0.11872,0.009
326,74.62,60,16.594,0.20919,0.0006319,3.3e-06,0.12323,0.008
327,73.31,60,16.535,0.2092,0.0006322,3.1e-06,0.12932,0.008
328,71.45,60,16.529,0.2092,0.0006308,2.9e-06,0.13449,0.01
329,72.39,60,16.543,0.2092,0.0006304,2.6e-06,0.13694,0.008
330,70.12,60,16.515,0.20921,0.0006299,2.7e-06,0.13497,0.01
331,68.62,60,16.58,0.20921,0.0006289,2.7e-06,0.1289,0.012
332,68.71,60,16.695,0.20921,0.0006284,2.7e-06,0.13216,0.012
333,69.26,60,16.625,0.20921,0.0006279,2.6e-06,0.14247,0.01
334,68.93,60,16.584,0.20921,0.0006278,2.6e-06,0.14636,0.011
335,69.82,60,16.56,0.20921,0.0006278,2.5e-06,0.14379,0.011
336,70.04,60,16.57,0.20921,0.0006275,2.6e-06,0.1403,0.01
337,71.63,60,16.655,0.2092,0.0006286,2.8e-06,0.14008,0.01
338,72.64,60,16.822,0.2092,0.0006292,2.9e-06,0.13499,0.01
339,73.53,60,16.837,0.2092,0.0006299,3e-06,0.13424,0.012
340,73.33,60,16.97,0.2092,0.0006296,3e-06,0.13919,0.01
341,72.45,60,16.922,0.2092,0.0006297,3e-06,0.13949,0.012
342,69.94,60,16.846,0.20921,0.0006303,3.1e-06,0.13681,0.007
343,72.89,60,16.913,0.2092,0.0006309,3.2e-06,0.13492,0.013
344,76.13,60,16.873,0.20919,0.0006309,3.4e-06,0.1326,0.009
345,73.63,60,16.958,0.2092,0.0006308,3.4e-06,0.1244,0.008
346,72.41,60,16.91,0.2092,0.0006306,3.3e-06,0.11954,0.013
347,70.78,60,16.852,0.20921,0.0006302,3.1e-06,0.11851,0.012
348,69.9,60,16.668,0.20921,0.0006297,2.9e-06,0.11919,0.009
349,69.59,60,16.629,0.20921,0.0006297,2.9e-06,0.12234,0.01
350,70.85,60,16.569,0.2092,0.0006298,3.1e-06,0.12326,0.011
351,68.18,60,16.607,0.20921,0.0006289,3.2e-06,0.12499,0.01
352,69.37,60,16.704,0.20921,0.0006278,3.2e-06,0.12388,0.011
353,67.28,60,16.7,0.20922,0.0006267,3.2e-06,0.11734,0.009
354,69.63,60,16.765,0.20921,0.0006264,3.1e-06,0.11788,0.012
355,70.04,60,16.601,0.20921,0.0006261,3e-06,0.11812,0.011
356,67.65,60,16.563,0.20922,0.0006251,2.9e-06,0.12184,0.01
357,68.28,60,16.569,0.20921,0.0006244,2.9e-06,0.12485,0.012
358,67.41,60,16.625,0.20922,0.0006234,2.9e-06,0.1314,0.01
359,68.37,60,16.606,0.20921,0.0006231,2.9e-06,0.13982,0.01
360,67.89,60,16.648,0.20922,0.0006225,2.8e-06,0.13721,0.01
361,67.52,60,16.603,0.20922,0.0006227,2.9e-06,0.13321,0.01
362,66.06,60,16.456,0.20922,0.000624,2.8e-06,0.13092,0.009
363,68.31,60,16.453,0.20921,0.0006251,2.6e-06,0.12795,0.009
364,67.02,60,16.409,0.20922,0.0006264,2.6e-06,0.12911,0.01
365,69.85,60,16.457,0.20921,0.0006273,2.5e-06,0.13123,0.012
366,71.48,60,16.509,0.2092,0.0006282,2.6e-06,0.1361,0.012
367,71.27,60,16.469,0.2092,0.000629,2.6e-06,0.14199,0.012
368,68.19,60,16.376,0.20921,0.000629,2.6e-06,0.13407,0.011
369,65.16,60,16.295,0.20922,0.0006285,2.5e-06,0.12262,0.011
370,66.46,60,16.155,0.20921,0.0006273,2.5e-06,0.1095,0.01
371,64.79,60,16.12,0.20922,0.000626,2.6e-06,0.097956,0.01
372,62.7,60,16.188,0.20923,0.0006248,2.6e-06,0.097987,0.01
373,63.98,60,16.198,0.20922,0.0006241,2.8e-06,0.10614,0.011
374,64.64,60,16.187,0.20922,0.0006237,2.7e-06,0.10467,0.01
375,63.83,60,16.164,0.20922,0.0006243,2.6e-06,0.10676,0.011
376,67.79,60,16.144,0.20921,0.0006254,2.6e-06,0.094249,0.011
377,71.95,60,16.32,0.2092,0.0006264,2.7e-06,0.10477,0.01
378,73.11,60,16.427,0.2092,0.0006275,2.7e-06,0.09195,0.009
379,71.87,60,16.523,0.2092,0.0006279,2.7e-06,0.091055,0.009
380,69.48,60,16.582,0.20921,0.0006275,2.6e-06,0.094735,0.008
381,71.32,60,16.637,0.2092,0.0006263,2.5e-06,0.1051,0.008
382,67.79,60,16.783,0.20922,0.0006246,2.4e-06,0.099139,0.01
383,64.65,60,16.859,0.20923,0.000623,2.4e-06,0.10042,0.011
384,62.11,60,16.832,0.20924,0.0006212,2.4e-06,0.10937,0.011
385,66.67,60,16.809,0.20922,0.0006211,2.4e-06,0.1061,0.012
386,69.36,60,16.731,0.20921,0.0006224,2.5e-06,0.10442,0.013
387,67.72,60,16.677,0.20922,0.0006236,2.5e-06,0.11265,0.013
388,71.61,60,16.711,0.2092,0.0006253,2.5e-06,0.11722,0.012
389,72.27,60,16.817,0.2092,0.0006269,2.5e-06,0.11327,0.012
390,75.42,60,16.777,0.20919,0.0006285,2.6e-06,0.1059,0.011
391,72.45,60,16.813,0.2092,0.0006284,2.6e-06,0.10169,0.011
392,68.92,60,16.629,0.20921,0.0006269,2.5e-06,0.090933,0.009
393,65.03,60,16.573,0.20922,0.000625,2.5e-06,0.074908,0.006
394,63.5,60,16.625,0.20923,0.0006217,2.5e-06,0.062933,0.005
395,60.77,60,16.755,0.20924,0.0006159,2.5e-06,0.058706,0.006
396,53.54,60,16.737,0.20927,0.0006076,2.4e-06,0.059531,0.004
397,52.09,60,16.682,0.20927,0.0005983,2.4e-06,0.042727,0.004
398,43.67,0,16.66,0.2093,0.0005868,2.3e-06,0.051982,0.005
399,36.97,0,16.572,0.20933,0.0005765,2.3e-06,0.050173,0.005
400,31.22,0,16.577,0.20935,0.000566,2.4e-06,0.051719,0.003
401,29.12,0,16.564,0.20936,0.0005561,2.4e-06,0.055455,0.005
402,25.09,0,16.714,0.20937,0.0005471,2.4e-06,0.055173,0.003
403,22.6,0,16.706,0.20938,0.0005385,2.3e-06,0.056506,0.005
404,17.57,0,16.67,0.2094,0.0005316,2.2e-06,0.057233,0.004
405,14.35,0,16.545,0.20941,0.000525,2.3e-06,0.056428,0.002
406,14.77,0,16.642,0.20941,0.0005196,2.4e-06,0.056192,0.004
407,15.26,0,16.654,0.20941,0.0005146,2.3e-06,0.053604,0.003
408,12.42,0,16.64,0.20942,0.0005102,2.3e-06,0.051363,0.005
409,14.4,0,16.507,0.20942,0.0005065,2.4e-06,0.049399,0.002
410,13.99,0,16.629,0.20942,0.0005027,2.4e-06,0.049406,0.003
411,14.31,0,16.601,0.20942,0.0004995,2.5e-06,0.035386,0.002
412,12.88,0,16.591,0.20942,0.0004962,2.4e-06,0.02511,0.005
413,11.3,0,16.53,0.20943,0.0004931,2.5e-06,0.025735,0.005
414,12.48,0,16.45,0.20943,0.0004899,2.4e-06,0.031776,0.004
415,8.65,0,16.486,0.20944,0.0004874,2.5e-06,0.03139,0.001
416,7.29,0,16.551,0.20944,0.0004858,2.5e-06,0.036392,0
417,8.18,0,16.576,0.20944,0.0004843,2.6e-06,0.031345,0.003
418,9.87,0,16.517,0.20944,0.0004832,2.6e-06,0.02798,0.004
419,9.53,0,16.658,0.20944,0.000482,2.6e-06,0.025093,0.005
420,10.36,0,16.607,0.20944,0.0004814,2.6e-06,0.022285,0.003
421,10.25,0,16.582,0.20944,0.0004803,2.8e-06,0.026649,0.002
422,10.35,0,16.449,0.20944,0.0004789,2.8e-06,0.025311,0.003
423,8.22,0,16.517,0.20944,0.0004775,2.8e-06,0.0235,0.004
424,7.31,0,16.605,0.20945,0.0004762,2.7e-06,0.023399,0.004
425,5.3,0,16.572,0.20945,0.0004755,2.7e-06,0.016475,-0.001
426,6.66,0,16.451,0.20945,0.0004747,2.7e-06,0.02081,0.001
427,4.07,0,16.427,0.20946,0.0004732,2.7e-06,0.020985,0.005
428,6.59,0,16.439,0.20945,0.0004718,2.6e-06,0.021617,0.004
429,4.36,0,16.343,0.20946,0.0004708,2.6e-06,0.017863,0.007
430,4.86,0,16.407,0.20946,0.0004698,2.6e-06,0.017182,0.006
431,6.31,0,16.41,0.20945,0.000469,2.5e-06,0.012309,0.002
432,7.34,0,16.406,0.20945,0.0004689,2.6e-06,0.019157,0.004
433,7.76,0,16.33,0.20945,0.000468,2.6e-06,0.024088,0.004
434,5.83,0,16.366,0.20945,0.000468,2.5e-06,0.026154,0.005
435,6.39,0,16.423,0.20945,0.0004671,2.5e-06,0.018008,0.003
436,6.15,0,16.465,0.20945,0.0004662,2.4e-06,0.017868,0.005
437,5.44,0,16.473,0.20946,0.0004657,2.5e-06,0.023441,0.004
438,1.92,0,16.51,0.20947,0.0004651,2.4e-06,0.02224,-0
439,1.05,0,16.488,0.20947,0.0004641,2.4e-06,0.009966,0.002
440,0.29,0,16.388,0.20947,0.0004632,2.3e-06,0.012683,0.003
441,2.09,0,16.502,0.20947,0.0004621,2.4e-06,0.014768,0.002
442,2.64,0,16.543,0.20947,0.000462,2.4e-06,0.020973,0.001
443,1.64,0,16.547,0.20947,0.0004615,2.3e-06,0.019465,0.004
444,2.61,0,16.467,0.20947,0.000462,2.3e-06,0.016117,0.002
445,2.65,0,16.416,0.20947,0.0004613,2.3e-06,0.011195,0.002
446,5.58,0,16.411,0.20946,0.0004611,2.3e-06,0.008426,0.005
447,5.11,0,16.481,0.20946,0.0004613,2.4e-06,0.012326,0.004
448,2.42,0,16.589,0.20947,0.0004613,2.6e-06,0.015958,0.007
449,5.54,0,16.734,0.20946,0.0004622,2.7e-06,0.006467,0.003
450,2.09,0,16.728,0.20947,0.0004614,2.7e-06,0.007964,0.002
451,4.38,0,16.71,0.20946,0.0004611,2.8e-06,0.009652,0.002
452,4.25,0,16.669,0.20946,0.0004614,2.8e-06,0.006321,0.004
453,2.48,0,16.709,0.20947,0.0004612,2.7e-06,0.014796,0.002
454,3.13,0,16.662,0.20946,0.0004606,2.7e-06,0.013605,0.001
455,1.07,0,16.658,0.20947,0.0004608,2.5e-06,0.014467,0.001
456,4.15,0,16.641,0.20946,0.0004608,2.5e-06,0.01755,0.002
457,0.38,0,16.501,0.20947,0.0004604,2.5e-06,0.014377,0.003
458,1.55,0,16.471,0.20947,0.0004603,2.4e-06,0.010745,0.003
459,-0.73,0,16.44,0.20948,0.0004602,2.3e-06,0.014254,0.004
460,1.79,0,16.466,0.20947,0.0004594,2.2e-06,0.019817,0.003
461,1.25,0,16.314,0.20947,0.0004593,2e-06,0.024679,0.005
462,3.04,0,16.325,0.20946,0.0004594,2e-06,0.025256,0.003
463,3.43,0,16.21,0.20946,0.0004592,2.2e-06,0.028999,0.004
464,3.74,0,16.197,0.20946,0.0004594,2.5e-06,0.029482,0.004
465,1.09,0,16.228,0.20947,0.0004593,2.5e-06,0.027517,0.004
466,2.12,0,16.237,0.20947,0.0004585,2.4e-06,0.022298,0.003
467,1.94,0,16.303,0.20947,0.0004582,2.3e-06,0.016861,0.004
468,0.37,0,16.211,0.20947,0.0004582,2.3e-06,0.00738,0.004
469,0.68,0,16.174,0.20947,0.0004583,2.3e-06,0.018362,0.004
470,0.57,0,16.201,0.20947,0.0004583,2.4e-06,0.014452,0.005
471,3.47,0,16.271,0.20946,0.0004583,2.4e-06,0.018755,0.005
472,2.24,0,16.23,0.20947,0.0004579,2.4e-06,0.019169,0.004
473,-1.22,0,16.364,0.20948,0.0004577,2.4e-06,0.016774,0.003
474,1.63,0,16.433,0.20947,0.0004575,2.4e-06,0.023029,0.002
475,3.54,0,16.362,0.20946,0.0004572,2.3e-06,0.026839,0.003
476,3.18,0,16.389,0.20946,0.0004573,2.2e-06,0.020729,0.002
477,1.09,0,16.471,0.20947,0.0004573,2.3e-06,0.015472,0.002
478,1.03,0,16.417,0.20947,0.0004574,2.3e-06,0.022724,0.002
479,0.81,0,16.354,0.20947,0.0004573,2.2e-06,0.017232,-0.001
480,-0.41,0,16.291,0.20948,0.0004573,2.2e-06,0.011956,0.001
481,1.45,0,16.278,0.20947,0.0004574,2.2e-06,0.016067,0.004
482,3.43,0,16.262,0.20946,0.0004574,2.3e-06,0.02219,0.003
483,0.63,0,16.255,0.20947,0.0004575,2.3e-06,0.021261,0.002
484,1.39,0,16.325,0.20947,0.0004574,2.3e-06,0.022282,0.003
485,-0.68,0,16.404,0.20948,0.0004576,2.4e-06,0.019212,0.002
486,3.71,0,16.471,0.20946,0.0004566,2.4e-06,0.02238,0.001
487,-0.52,0,16.345,0.20948,0.0004563,2.4e-06,0.015974,0.004
488,1.03,0,16.405,0.20947,0.0004554,2.3e-06,0.01398,0.002
489,0.81,0,16.404,0.20947,0.0004555,2.3e-06,0.018594,0.003
490,3.32,0,16.512,0.20946,0.0004554,2.2e-06,0.016698,0.002
491,1.3,0,16.507,0.20947,0.0004554,2.2e-06,0.013561,0.003
492,1.41,0,16.688,0.20947,0.0004551,2.1e-06,0.012588,0.003
493,1.21,0,16.73,0.20947,0.0004544,2.1e-06,0.009559,0.003
494,-0.39,0,16.675,0.20948,0.0004548,2.1e-06,0.008298,0.003
495,2.89,0,16.644,0.20947,0.0004556,2.2e-06,0.013508,0.002
496,2.05,0,16.536,0.20947,0.0004551,2.3e-06,0.012011,0.002
497,1.8,0,16.487,0.20947,0.0004547,2.2e-06,0.015021,0.003
498,0.23,0,16.513,0.20947,0.0004545,2.1e-06,0.00998,0.006
499,1.01,0,16.512,0.20947,0.0004542,2.1e-06,0.009988,0.003
500,1.41,0,16.415,0.20947,0.0004538,2.2e-06,0.010185,0.002
501,0.93,0,16.418,0.20947,0.0004536,2.3e-06,0.014045,0.003
502,3.73,0,16.341,0.20946,0.0004535,2.3e-06,0.014349,0.004
503,0.32,0,16.206,0.20947,0.0004534,2.3e-06,0.000805,0.004
504,4.39,0,16.221,0.20946,0.0004534,2.3e-06,0.000848,0.004
505,5.24,0,16.31,0.20946,0.0004538,2.3e-06,0.003205,0.004
506,0.24,0,16.467,0.20947,0.0004545,2.4e-06,-0.000209,0.003
507,2.28,0,16.592,0.20947,0.0004545,2.4e-06,-0.000722,0.002
508,0.49,0,16.587,0.20947,0.0004543,2.5e-06,0.010613,0
509,-0.69,0,16.722,0.20948,0.0004543,2.4e-06,0.019043,0.003
510,1.86,0,16.764,0.20947,0.0004535,2.4e-06,0.021495,0.004
511,0.99,0,16.833,0.20947,0.0004536,2.3e-06,0.022919,0.002
512,1.84,0,16.814,0.20947,0.0004528,2.3e-06,0.021971,0.004
513,1.12,0,16.938,0.20947,0.0004527,2.2e-06,0.02409,0.001
514,3,0,16.928,0.20947,0.0004531,2.1e-06,0.023888,0.001
515,1.24,0,16.801,0.20947,0.0004528,2.1e-06,0.020613,0.004
516,1.18,0,16.71,0.20947,0.0004524,2.1e-06,0.01953,0.002
517,-0.91,0,16.71,0.20948,0.0004524,2.2e-06,0.014648,0.001
518,1.42,0,16.75,0.20947,0.0004523,2.2e-06,0.01104,0.001
519,0.04,0,16.743,0.20948,0.0004518,2.2e-06,0.018041,0.001
520,0.74,0,16.73,0.20947,0.0004515,2.1e-06,0.020319,0.001
521,0.71,0,16.742,0.20947,0.0004516,2e-06,0.02071,0.003
522,1.72,0,16.759,0.20947,0.0004517,2e-06,0.014576,0.007
523,-1.45,0,16.69,0.20948,0.0004512,1.9e-06,0.008603,0.004
524,0.41,0,16.774,0.20948,0.0004508,1.9e-06,0.007903,0.004
525,-1.33,0,16.769,0.20948,0.0004511,1.7e-06,0.011188,0.005
526,-0.91,0,16.686,0.20948,0.0004506,1.7e-06,0.001917,0.002
527,-2.64,0,16.63,0.20949,0.0004506,1.6e-06,0.004788,0.004
528,-2.25,0,16.584,0.20948,0.0004502,1.5e-06,0.010965,-0.001
529,0.03,0,16.476,0.20948,0.0004496,1.5e-06,0.011976,0.003
530,1.01,0,16.462,0.20947,0.0004495,1.5e-06,0.00561,0.002
531,-1.55,0,16.434,0.20948,0.0004495,1.5e-06,0.007115,0.003
532,0.08,0,16.479,0.20948,0.0004499,1.4e-06,0.015911,0.002
533,2.45,0,16.537,0.20947,0.0004501,1.3e-06,0.022626,0.003
534,2.38,0,16.426,0.20947,0.0004498,1.3e-06,0.023466,0.003
535,0.05,0,16.41,0.20948,0.0004494,1.3e-06,0.022694,0.003
536,-0.92,0,16.537,0.20948,0.0004495,1.2e-06,0.021315,0.003
537,-2.64,0,16.506,0.20949,0.0004501,1.3e-06,0.02168,0.001
538,-2.17,0,16.546,0.20948,0.0004504,1.4e-06,0.023127,0.004
539,-1.21,0,16.73,0.20948,0.0004504,1.5e-06,0.023521,0.004
540,-0.38,0,16.801,0.20948,0.0004498,1.5e-06,0.023347,0.002
541,1.29,0,16.714,0.20947,0.0004496,1.5e-06,0.013881,0.002
542,2.76,0,16.68,0.20947,0.0004496,1.7e-06,0.021017,0.003
543,-0.11,0,16.614,0.20948,0.0004496,1.7e-06,0.018576,0.005
544,-0.52,0,16.639,0.20948,0.0004494,1.7e-06,0.012489,0.003
545,-1.45,0,16.686,0.20948,0.0004497,1.6e-06,0.016136,0.006
546,-2.79,0,16.757,0.20949,0.0004495,1.6e-06,0.016012,0.004
547,1.17,0,16.785,0.20947,0.0004496,1.4e-06,0.02111,0.003
548,-4.85,0,16.781,0.20949,0.0004495,1.3e-06,0.019423,0.004
549,-1.78,0,16.623,0.20948,0.0004495,1.1e-06,0.015917,0.004
550,0.26,0,16.505,0.20948,0.0004493,1.2e-06,0.015692,0
551,1.07,0,16.662,0.20947,0.000449,1.3e-06,0.019051,0.003
552,-0.5,0,16.686,0.20948,0.0004484,1.4e-06,0.014905,0.004
553,0.32,0,16.77,0.20948,0.0004485,1.3e-06,0.013592,0.006
554,1.44,0,16.833,0.20947,0.0004485,1.3e-06,0.017466,0.002
555,-1.62,0,16.807,0.20948,0.0004488,1.2e-06,0.015296,0.002
556,-2.99,0,16.637,0.20949,0.0004489,1.3e-06,0.013303,0.002
557,0.75,0,16.674,0.20947,0.0004487,1.4e-06,0.014335,0.003
558,0.47,0,16.628,0.20948,0.0004497,1.5e-06,0.01684,0.002
559,0.42,0,16.701,0.20948,0.0004493,1.3e-06,0.018775,0.005
560,1.13,0,16.925,0.20947,0.0004495,1.2e-06,0.014018,0.006
561,-1.06,0,16.769,0.20948,0.0004495,1e-06,0.012504,0.004
562,-2.32,0,16.722,0.20948,0.0004494,9e-07,0.014263,0.003
563,1.78,0,16.674,0.20947,0.0004496,1e-06,0.013078,0.004
564,-1.57,0,16.562,0.20948,0.0004487,1e-06,0.018524,0.002
565,0.91,0,16.563,0.20947,0.0004488,9e-07,0.017055,0.006
566,2.2,0,16.502,0.20947,0.0004485,7e-07,0.012945,0.006
567,0.04,0,16.439,0.20948,0.0004485,7e-07,0.012747,0.005
568,-2.6,0,16.446,0.20949,0.0004483,6e-07,0.013866,0.002
569,-0.98,0,16.392,0.20948,0.0004484,6e-07,0.009425,0.004
570,3.94,0,16.155,0.20946,0.0004486,6e-07,0.007879,0.003
571,1.25,0,16.204,0.20947,0.0004486,6e-07,0.011402,0.004
572,-2.75,0,16.182,0.20949,0.0004478,6e-07,0.010015,0.005
573,0.2,0,16.149,0.20948,0.0004477,6e-07,0.012186,0.003
574,0.9,0,16.214,0.20947,0.0004467,7e-07,0.015973,0.004
575,-3.21,0,16.314,0.20949,0.0004466,6e-07,0.018725,0.003
576,-2.74,0,16.418,0.20949,0.0004468,6e-07,0.016263,0.004
577,2.25,0,16.53,0.20947,0.0004473,5e-07,0.010827,0.003
578,-0.67,0,16.555,0.20948,0.0004473,5e-07,0.004878,0.003
579,-0.76,0,16.549,0.20948,0.0004477,6e-07,0.011564,0.003
580,0.48,0,16.606,0.20948,0.0004478,8e-07,0.014027,0.003
581,-1.1,0,16.547,0.20948,0.0004477,8e-07,0.011265,0.002
582,1.65,0,16.55,0.20947,0.0004474,9e-07,6.7e-05,0.004
583,1.72,0,16.645,0.20947,0.0004467,1e-06,0.004106,0.003
584,-0.38,0,16.715,0.20948,0.0004465,1e-06,0.013788,0.003
585,-1.89,0,16.714,0.20948,0.0004464,1e-06,0.01621,0.004
586,0.95,0,16.731,0.20947,0.0004472,1e-06,0.014444,0.003
587,3.25,0,16.652,0.20947,0.0004474,1e-06,0.010443,0.003
588,-0.5,0,16.597,0.20948,0.0004477,1e-06,0.007833,0.004
589,-2.08,0,16.605,0.20948,0.0004483,1e-06,0.005192,0.004
590,-2.05,0,16.591,0.20948,0.0004486,1e-06,0.002235,0.002
591,-0.62,0,16.758,0.20948,0.000448,1.1e-06,0.002246,0.004
592,2.18,0,16.738,0.20947,0.0004484,1.2e-06,0.015355,0.005
593,-0.79,0,16.648,0.20948,0.0004475,1.2e-06,0.013544,0
594,-1.57,0,16.563,0.20948,0.0004474,1.1e-06,0.009855,0.001
595,-1.21,0,16.515,0.20948,0.0004475,1e-06,0.013585,0.003
596,-0.78,0,16.506,0.20948,0.0004475,9e-07,0.015977,0.004
597,-0.16,0,16.502,0.20948,0.0004474,9e-07,0.015105,0.004
598,0.6,0,16.56,0.20948,0.0004475,1e-06,0.00498,0.002
599,1.01,0,16.516,0.20947,0.0004477,9e-07,0.003989,-0
600,0.5,0,16.489,0.20948,0.0004475,9e-07,0.007233,0.003
601,-1.41,0,16.292,0.20948,0.0004476,9e-07,0.013071,0.003
602,-1.58,0,16.345,0.20948,0.0004477,1e-06,0.014128,0.002
603,-1.11,0,16.339,0.20948,0.0004471,1.2e-06,0.007722,0.004
604,0.58,0,16.391,0.20948,0.0004476,1e-06,0.007706,0.003
605,-1.91,0,16.396,0.20948,0.0004467,1e-06,0.011274,-0
606,-0.85,0,16.433,0.20948,0.0004472,1e-06,0.016574,0.001
607,-1.22,0,16.432,0.20948,0.0004476,1.1e-06,0.019225,0.002
608,-0.92,0,16.43,0.20948,0.0004475,1.1e-06,0.021771,0.006
609,-0.07,0,16.357,0.20948,0.0004477,1e-06,0.022837,0.005
610,-1.59,0,16.42,0.20948,0.0004486,1e-06,0.022054,0.004
611,0.49,0,16.634,0.20948,0.0004487,1e-06,0.021068,0.001
612,-1.02,0,16.656,0.20948,0.0004478,1e-06,0.021535,-0.001
613,1.82,0,16.631,0.20947,0.0004476,1.1e-06,0.022866,0.001
614,1.24,0,16.577,0.20947,0.0004477,1e-06,0.021018,0.002
615,-0.08,0,16.541,0.20948,0.000448,1.1e-06,0.018652,0.002
616,-1.08,0,16.39,0.20948,0.0004488,1.1e-06,0.020743,-0.002
617,-0.81,0,16.457,0.20948,0.0004487,1.1e-06,0.018999,-0.002
618,1.93,0,16.379,0.20947,0.0004488,1.1e-06,0.017525,0.001
619,-1.57,0,16.526,0.20948,0.0004487,1.3e-06,0.015317,0.003
620,1.13,0,16.59,0.20947,0.0004486,1.3e-06,0.0143,0.004
621,0.05,0,16.54,0.20948,0.0004489,1.3e-06,0.014522,0.002
622,-0.43,0,16.428,0.20948,0.0004479,1.3e-06,0.015951,0.001
623,-2.59,0,16.393,0.20949,0.0004477,1.2e-06,0.015176,0.001
624,-1.12,0,16.413,0.20948,0.0004475,1.3e-06,0.016822,-0.001
625,-1.21,0,16.481,0.20948,0.0004477,1.3e-06,0.013686,0.003
626,0.12,0,16.581,0.20948,0.0004477,1.3e-06,0.016831,0.002
627,-2.37,0,16.529,0.20949,0.0004468,1.3e-06,0.019145,0.003
628,2.78,0,16.587,0.20947,0.0004468,1.3e-06,0.022454,0.001
629,-0.51,0,16.558,0.20948,0.0004466,1.3e-06,0.023644,0.004
630,-0.03,0,16.504,0.20948,0.0004473,1.3e-06,0.020939,0.004
631,1.07,0,16.53,0.20947,0.0004477,1.2e-06,0.015427,0.002
632,-1.41,0,16.632,0.20948,0.0004474,1.1e-06,0.007505,0.003
633,-2.42,0,16.681,0.20949,0.0004474,1.2e-06,0.001238,0
634,0.21,0,16.743,0.20948,0.0004474,1.1e-06,-0.002536,0.001
